title,content,category,difficulty,questions
"My Little Garden","I have a small garden. It is in front of my house. I plant many flowers there. There are red roses and yellow tulips.
I water them every morning. The sun helps them grow. Bees and butterflies visit my garden. They like the flowers.
I also plant some vegetables. I have tomatoes and carrots. They are healthy and tasty.
Gardening is fun. It makes me happy to see plants grow.","Nature","小学","[{""question"": ""Where is the garden?"", ""options"": [""Behind the house"", ""In front of the house"", ""On the roof"", ""In the park""], ""answer"": ""In front of the house"", ""explanation"": ""文章提到 It is in front of my house。""}, {""question"": ""What flowers are in the garden?"", ""options"": [""Lilies and orchids"", ""Red roses and yellow tulips"", ""Sunflowers"", ""Daisies""], ""answer"": ""Red roses and yellow tulips"", ""explanation"": ""文章提到 There are red roses and yellow tulips。""}, {""question"": ""What visits the garden?"", ""options"": [""Dogs and cats"", ""Birds"", ""Bees and butterflies"", ""Frogs""], ""answer"": ""Bees and butterflies"", ""explanation"": ""文章提到 Bees and butterflies visit my garden。""}, {""question"": ""What vegetables does the writer plant?"", ""options"": [""Potatoes"", ""Tomatoes and carrots"", ""Corn"", ""Peppers""], ""answer"": ""Tomatoes and carrots"", ""explanation"": ""文章提到 I have tomatoes and carrots。""}, {""question"": ""How does gardening make the writer feel?"", ""options"": [""Sad"", ""Tired"", ""Happy"", ""Angry""], ""answer"": ""Happy"", ""explanation"": ""文章提到 It makes me happy。""}]"
"The Picnic","On Sunday, my family went for a picnic. We went to a nice park near a lake. The weather was sunny and warm.
Mom made sandwiches and fruit salad. Dad brought a big blanket. I brought my kite.
We ate lunch under a big tree. The food was delicious. After lunch, I flew my kite. It went very high in the sky.
My sister played with a ball. We had a great time together. We went home in the evening.","Life","小学","[{""question"": ""When did the family go for a picnic?"", ""options"": [""On Saturday"", ""On Sunday"", ""On Monday"", ""On Friday""], ""answer"": ""On Sunday"", ""explanation"": ""文章提到 On Sunday, my family went for a picnic。""}, {""question"": ""Where did they go?"", ""options"": [""To the beach"", ""To a park near a lake"", ""To the mountains"", ""To the zoo""], ""answer"": ""To a park near a lake"", ""explanation"": ""文章提到 We went to a nice park near a lake。""}, {""question"": ""What did Mom make?"", ""options"": [""Pizza"", ""Hamburgers"", ""Sandwiches and fruit salad"", ""Soup""], ""answer"": ""Sandwiches and fruit salad"", ""explanation"": ""文章提到 Mom made sandwiches and fruit salad。""}, {""question"": ""What did the writer do after lunch?"", ""options"": [""Slept"", ""Swam"", ""Flew a kite"", ""Read a book""], ""answer"": ""Flew a kite"", ""explanation"": ""文章提到 After lunch, I flew my kite。""}, {""question"": ""When did they go home?"", ""options"": [""In the morning"", ""At noon"", ""In the afternoon"", ""In the evening""], ""answer"": ""In the evening"", ""explanation"": ""文章提到 We went home in the evening。""}]"
"My favorite color","My favorite color is blue. The sky is blue. The ocean is blue too. Blue makes me feel calm.
I have a blue bike. I ride it to school. My room is painted blue. It looks very nice.
I also like to wear blue clothes. My favorite t-shirt is blue.
Some people like red or green, but I love blue the best.","Life","小学","[{""question"": ""What is the writer's favorite color?"", ""options"": [""Red"", ""Green"", ""Blue"", ""Yellow""], ""answer"": ""Blue"", ""explanation"": ""文章提到 My favorite color is blue。""}, {""question"": ""What two things are mentioned as being blue?"", ""options"": [""Grass and trees"", ""The sky and the ocean"", ""Apples and cherries"", ""Sun and moon""], ""answer"": ""The sky and the ocean"", ""explanation"": ""文章提到 The sky is blue. The ocean is blue too。""}, {""question"": ""How does blue make the writer feel?"", ""options"": [""Sad"", ""Happy"", ""Calm"", ""Energetic""], ""answer"": ""Calm"", ""explanation"": ""文章提到 Blue makes me feel calm。""}, {""question"": ""What blue vehicle does the writer have?"", ""options"": [""A car"", ""A skateboard"", ""A bike"", ""A scooter""], ""answer"": ""A bike"", ""explanation"": ""文章提到 I have a blue bike。""}, {""question"": ""What color is the writer's room?"", ""options"": [""White"", ""Blue"", ""Pink"", ""Green""], ""answer"": ""Blue"", ""explanation"": ""文章提到 My room is painted blue。""}]"
"A Rainy Day","It is raining today. I cannot go outside to play. The sky is gray and dark.
Raindrops fall on the window. Pitter-patter, pitter-patter. It sounds like music.
I stay inside and read a book. My cat sleeps on the sofa. It is warm inside.
I like rainy days sometimes. I can drink hot cocoa and rest.
Tomorrow maybe the sun will shine again.","Nature","小学","[{""question"": ""Why can't the writer go outside?"", ""options"": [""It is too hot"", ""It is raining"", ""It is snowing"", ""It is dark""], ""answer"": ""It is raining"", ""explanation"": ""文章提到 It is raining today. I cannot go outside to play。""}, {""question"": ""What color is the sky?"", ""options"": [""Blue"", ""White"", ""Gray and dark"", ""Red""], ""answer"": ""Gray and dark"", ""explanation"": ""文章提到 The sky is gray and dark。""}, {""question"": ""What does the rain sound like?"", ""options"": [""Noise"", ""Drums"", ""Music"", ""Nothing""], ""answer"": ""Music"", ""explanation"": ""文章提到 It sounds like music。""}, {""question"": ""What does the writer do inside?"", ""options"": [""Watch TV"", ""Read a book"", ""Play games"", ""Cook""], ""answer"": ""Read a book"", ""explanation"": ""文章提到 I stay inside and read a book。""}, {""question"": ""What does the writer drink?"", ""options"": [""Water"", ""Juice"", ""Hot cocoa"", ""Tea""], ""answer"": ""Hot cocoa"", ""explanation"": ""文章提到 I can drink hot cocoa。""}]"
"The Library","My school has a big library. There are many books in it. I like to go there once a week.
The library is very quiet. Students read books or do homework there.
I like storybooks best. I can read about animals, magic, and adventures.
The librarian is Mrs. Green. She is very helpful. She helps me find good books.
Reading makes me smart. I learn many new words.","Life","小学","[{""question"": ""How often does the writer go to the library?"", ""options"": [""Every day"", ""Once a week"", ""Once a month"", ""Never""], ""answer"": ""Once a week"", ""explanation"": ""文章提到 I like to go there once a week。""}, {""question"": ""Is the library noisy?"", ""options"": [""Yes, very noisy"", ""No, very quiet"", ""A little bit"", ""Only at lunch""], ""answer"": ""No, very quiet"", ""explanation"": ""文章提到 The library is very quiet。""}, {""question"": ""What kind of books does the writer like best?"", ""options"": [""Math books"", ""Science books"", ""Storybooks"", ""History books""], ""answer"": ""Storybooks"", ""explanation"": ""文章提到 I like storybooks best。""}, {""question"": ""Who is the librarian?"", ""options"": [""Mr. Smith"", ""Mrs. Green"", ""Mrs. White"", ""Mr. Brown""], ""answer"": ""Mrs. Green"", ""explanation"": ""文章提到 The librarian is Mrs. Green。""}, {""question"": ""Why is reading good?"", ""options"": [""It makes you sleepy"", ""It makes you smart"", ""It is boring"", ""It takes time""], ""answer"": ""It makes you smart"", ""explanation"": ""文章提到 Reading makes me smart。""}]"
"Making a Sandwich","I am hungry. I want to make a sandwich. It is easy to make.
First, I take two slices of bread. Then, I put some cheese on one slice.
I also like ham and lettuce. I put them on the cheese.
Finally, I put the other slice of bread on top. My sandwich is ready!
It tastes very good. I eat it with a glass of milk.","Life","小学","[{""question"": ""What does the writer want to make?"", ""options"": [""A cake"", ""A sandwich"", ""A salad"", ""Soup""], ""answer"": ""A sandwich"", ""explanation"": ""文章提到 I want to make a sandwich。""}, {""question"": ""How many slices of bread are used?"", ""options"": [""One"", ""Two"", ""Three"", ""Four""], ""answer"": ""Two"", ""explanation"": ""文章提到 I take two slices of bread。""}, {""question"": ""What keeps the sandwich together?"", ""options"": [""Glue"", ""Nothing"", ""Gravity"", ""Bread""], ""answer"": ""Bread"", ""explanation"": ""这是推断题，但文章提到 two slices of bread。""}, {""question"": ""What is inside the sandwich?"", ""options"": [""Jam and butter"", ""Cheese, ham, and lettuce"", ""Tomato and onion"", ""Egg and bacon""], ""answer"": ""Cheese, ham, and lettuce"", ""explanation"": ""文章提到 cheese, ham and lettuce。""}, {""question"": ""What does the writer drink with the sandwich?"", ""options"": [""Water"", ""Juice"", ""Milk"", ""Soda""], ""answer"": ""Milk"", ""explanation"": ""文章提到 I eat it with a glass of milk。""}]"
"My Dog Spot","I have a dog named Spot. He has black spots on his white fur. That is why his name is Spot.
Spot is very playful. He likes to run in the park. He chases squirrels.
Spot is smart too. He can sit and shake hands. I teach him tricks.
At night, Spot sleeps in his dog house. He is a good guard dog.
I love my dog very much.","Life","小学","[{""question"": ""Why is the dog named Spot?"", ""options"": [""He is small"", ""He has black spots"", ""He runs fast"", ""He likes spots""], ""answer"": ""He has black spots"", ""explanation"": ""文章提到 He has black spots on his white fur。""}, {""question"": ""What color describes Spot?"", ""options"": [""Brown"", ""Black and white"", ""Gray"", ""Golden""], ""answer"": ""Black and white"", ""explanation"": ""文章提到 black spots on his white fur。""}, {""question"": ""What does Spot chase?"", ""options"": [""Cars"", ""Cats"", ""Squirrels"", ""Balls""], ""answer"": ""Squirrels"", ""explanation"": ""文章提到 He chases squirrels。""}, {""question"": ""What trick can Spot do?"", ""options"": [""Speak"", ""Jump"", ""Sit and shake hands"", ""Roll over""], ""answer"": ""Sit and shake hands"", ""explanation"": ""文章提到 He can sit and shake hands。""}, {""question"": ""Where does Spot sleep?"", ""options"": [""On my bed"", ""In the kitchen"", ""In his dog house"", ""Outside""], ""answer"": ""In his dog house"", ""explanation"": ""文章提到 Spot sleeps in his dog house。""}]"
"Summer Fun","Summer is my favorite season. School is out and I have lots of free time.
I go swimming in the pool. The water is cool and refreshing.
I also eat ice cream. My favorite flavor is chocolate.
In the evening, I catch fireflies. They light up in the dark.
Summer days are long and happy. I wish summer was all year round.","Life","小学","[{""question"": ""Why does the writer like summer?"", ""options"": [""It is cold"", ""School is out"", ""It rains"", ""Lots of homework""], ""answer"": ""School is out"", ""explanation"": ""文章提到 School is out...""}, {""question"": ""Where does the writer swim?"", ""options"": [""In the ocean"", ""In a lake"", ""In the pool"", ""In a river""], ""answer"": ""In the pool"", ""explanation"": ""文章提到 I go swimming in the pool。""}, {""question"": ""What implies the ice cream flavor?"", ""options"": [""Vanilla"", ""Strawberry"", ""Chocolate"", ""Mint""], ""answer"": ""Chocolate"", ""explanation"": ""文章提到 My favorite flavor is chocolate。""}, {""question"": ""What does the writer catch in the evening?"", ""options"": [""Fish"", ""Birds"", ""Fireflies"", ""Butterflies""], ""answer"": ""Fireflies"", ""explanation"": ""文章提到 I catch fireflies。""}, {""question"": ""What does the writer wish?"", ""options"": [""Summer was shorter"", ""Winter was here"", ""Summer was all year round"", ""To go back to school""], ""answer"": ""Summer was all year round"", ""explanation"": ""文章提到 I wish summer was all year round。""}]"
"The Apple Tree","There is an apple tree in my yard. It is very old and tall.
In spring, it has beautiful pink flowers. Bees love the flowers.
In summer, small green apples grow. They get bigger and bigger.
In autumn, the apples turn red. They are sweet and juicy. I pick them with my dad.
Mom makes apple pie. It smells wonderful. I love our apple tree.","Nature","小学","[{""question"": ""Where is the apple tree?"", ""options"": [""In the park"", ""In the yard"", ""At school"", ""In the forest""], ""answer"": ""In the yard"", ""explanation"": ""文章提到 There is an apple tree in my yard。""}, {""question"": ""What color are the flowers in spring?"", ""options"": [""White"", ""Red"", ""Pink"", ""Yellow""], ""answer"": ""Pink"", ""explanation"": ""文章提到 beautiful pink flowers。""}, {""question"": ""When do the apples turn red?"", ""options"": [""Spring"", ""Summer"", ""Autumn"", ""Winter""], ""answer"": ""Autumn"", ""explanation"": ""文章提到 In autumn, the apples turn red。""}, {""question"": ""What does Mom make?"", ""options"": [""Apple juice"", ""Apple salad"", ""Apple pie"", ""Apple jam""], ""answer"": ""Apple pie"", ""explanation"": ""文章提到 Mom makes apple pie。""}, {""question"": ""Who helps pick the apples?"", ""options"": [""Mom"", ""Dad"", ""Sister"", ""Brother""], ""answer"": ""Dad"", ""explanation"": ""文章提到 I pick them with my dad。""}]"
"Learning to Swim","I am learning to swim. My dad is teaching me. We go to the pool every Saturday.
At first, I was afraid of the water. But Dad held my hand.
Now I can float on my back. I can also kick my legs.
Swimming is good exercise. It makes my arms and legs strong.
I want to swim like a fish one day.","Life","小学","[{""question"": ""Who is teaching the writer to swim?"", ""options"": [""A coach"", ""Mom"", ""Dad"", ""A friend""], ""answer"": ""Dad"", ""explanation"": ""文章提到 My dad is teaching me。""}, {""question"": ""When do they go to the pool?"", ""options"": [""Every day"", ""Every Sunday"", ""Every Saturday"", ""Every Friday""], ""answer"": ""Every Saturday"", ""explanation"": ""文章提到 We go to the pool every Saturday。""}, {""question"": ""How did the writer feel at first?"", ""options"": [""Excited"", ""Happy"", ""Afraid"", ""Bored""], ""answer"": ""Afraid"", ""explanation"": ""文章提到 At first, I was afraid of the water。""}, {""question"": ""What can the writer do now?"", ""options"": [""Dive deep"", ""Float on back"", ""Swim across the ocean"", ""Hold breath for 5 minutes""], ""answer"": ""Float on back"", ""explanation"": ""文章提到 Now I can float on my back。""}, {""question"": ""What does the writer want to swim like?"", ""options"": [""A dolphin"", ""A shark"", ""A fish"", ""A frog""], ""answer"": ""A fish"", ""explanation"": ""文章提到 I want to swim like a fish one day。""}]"
"The Importance of Sleep","Sleep is very important for our health. When we sleep, our bodies rest and repair themselves.
Teenagers usually need about 8 to 10 hours of sleep every night. However, many students do not get enough sleep because of homework or playing games.
Lack of sleep can make us tired and grumpy. It is hard to listen in class when you are sleepy. It can also make us sick easily.
To get good sleep, we should go to bed at a regular time. We should also avoid looking at phone screens before bed. A quiet and dark room helps us sleep better.","Health","初中","[{""question"": ""Why is sleep important?"", ""options"": [""It is fun"", ""It wastes time"", ""Bodies rest and repair"", ""It makes dreams""], ""answer"": ""Bodies rest and repair"", ""explanation"": ""文章提到 our bodies rest and repair themselves。""}, {""question"": ""How much sleep do teenagers need?"", ""options"": [""5-6 hours"", ""6-8 hours"", ""8-10 hours"", ""10-12 hours""], ""answer"": ""8-10 hours"", ""explanation"": ""文章提到 8 to 10 hours of sleep。""}, {""question"": ""What causes students to not get enough sleep?"", ""options"": [""Eating too much"", ""Homework or games"", ""Exercise"", ""Reading""], ""answer"": ""Homework or games"", ""explanation"": ""文章提到 because of homework or playing games。""}, {""question"": ""What happens if we don't sleep enough?"", ""options"": [""We get smarter"", ""We get taller"", ""We get tired and grumpy"", ""We get happy""], ""answer"": ""We get tired and grumpy"", ""explanation"": ""文章提到 Lack of sleep can make us tired and grumpy。""}, {""question"": ""What should we avoid before bed?"", ""options"": [""Reading a book"", ""Drinking milk"", ""Looking at phone screens"", ""Taking a bath""], ""answer"": ""Looking at phone screens"", ""explanation"": ""文章提到 avoid looking at phone screens。""}]"
"Traditional Chinese Festivals","China has many traditional festivals. The most important one is the Spring Festival, also known as Chinese New Year. Families gather together to have a big dinner. We eat dumplings and fish. Children get red envelopes with money.
Another famous festival is the Mid-Autumn Festival. It is in autumn when the moon is full and bright. People eat mooncakes and admire the moon. It represents family reunion.
The Dragon Boat Festival is in summer. People race dragon boats on rivers. They also eat zongzi, which is sticky rice wrapped in bamboo leaves.
These festivals are a big part of Chinese culture. They help us remember our history and traditions.","Culture","初中","[{""question"": ""What is the most important festival in China?"", ""options"": [""Mid-Autumn Festival"", ""Spring Festival"", ""Dragon Boat Festival"", ""Lantern Festival""], ""answer"": ""Spring Festival"", ""explanation"": ""文章提到 The most important one is the Spring Festival。""}, {""question"": ""What do people eat during Spring Festival?"", ""options"": [""Mooncakes"", ""Zongzi"", ""Dumplings and fish"", ""Noodles""], ""answer"": ""Dumplings and fish"", ""explanation"": ""文章提到 We eat dumplings and fish。""}, {""question"": ""When is the Mid-Autumn Festival?"", ""options"": [""Spring"", ""Summer"", ""Autumn"", ""Winter""], ""answer"": ""Autumn"", ""explanation"": ""文章提到 It is in autumn。""}, {""question"": ""What do people do during Dragon Boat Festival?"", ""options"": [""Watch fireworks"", ""Race dragon boats"", ""Climb mountains"", ""Plant trees""], ""answer"": ""Race dragon boats"", ""explanation"": ""文章提到 People race dragon boats。""}, {""question"": ""Why are these festivals important?"", ""options"": [""They are holidays"", ""They are fun"", ""Remember history and traditions"", ""Get money""], ""answer"": ""Remember history and traditions"", ""explanation"": ""文章提到 help us remember our history and traditions。""}]"
"Saving Our Planet","Earth is our home, and we must take care of it. Pollution is a big problem. Factories and cars put bad smoke into the air. Plastic waste is filling up our oceans.
We can help save the planet in many ways. First, the 3Rs are important: Reduce, Reuse, and Recycle. We should use less plastic and paper. We can reuse bags and bottles. We should sort our trash for recycling.
Second, we can save energy. Turn off lights when you leave a room. Walk or ride a bike instead of taking a car.
Third, planting trees is very helpful. Trees clean the air and give us oxygen.
Small actions can make a big difference. Let's work together to keep Earth beautiful.","Nature","初中","[{""question"": ""What is a major problem mentioned?"", ""options"": [""Not enough cars"", ""Pollution"", ""Too many trees"", ""Cold weather""], ""answer"": ""Pollution"", ""explanation"": ""文章提到 Pollution is a big problem。""}, {""question"": ""What are the 3Rs?"", ""options"": [""Read, Write, Run"", ""Red, Rose, Red"", ""Reduce, Reuse, Recycle"", ""Rest, Relax, Repeat""], ""answer"": ""Reduce, Reuse, Recycle"", ""explanation"": ""文章提到 Reduce, Reuse, and Recycle。""}, {""question"": ""How can we save energy?"", ""options"": [""Leave lights on"", ""Drive everywhere"", ""Turn off lights"", ""Watch TV all day""], ""answer"": ""Turn off lights"", ""explanation"": ""文章提到 Turn off lights when you leave a room。""}, {""question"": ""Why are trees helpful?"", ""options"": [""They look nice"", ""They clean the air"", ""They are green"", ""They grow tall""], ""answer"": ""They clean the air"", ""explanation"": ""文章提到 Trees clean the air。""}, {""question"": ""What can small actions do?"", ""options"": [""Nothing"", ""Make a big difference"", ""Make things worse"", ""Be forgotten""], ""answer"": ""Make a big difference"", ""explanation"": ""文章提到 Small actions can make a big difference。""}]"
"The Benefits of Reading","Reading is a hobby that is both fun and useful. It opens up new worlds for us without leaving our chairs.
Through reading, we can learn about history, science, and different cultures. It increases our knowledge and vocabulary. The more you read, the better you write.
Reading also improves our imagination. When we read a story, we picture the characters and places in our minds. It is like watching a movie in your head.
Moreover, reading relaxes us. It reduces stress. After a long day of school, reading a good book is a great way to rest.
Make reading a habit. You will find it very rewarding.","Life","初中","[{""question"": ""Where can reading take us?"", ""options"": [""To school"", ""To the park"", ""New worlds"", ""To bed""], ""answer"": ""New worlds"", ""explanation"": ""文章提到 opens up new worlds for us。""}, {""question"": ""How does reading help writing?"", ""options"": [""It makes it harder"", ""The more you read, the better you write"", ""It doesn't help"", ""It makes handwriting better""], ""answer"": ""The more you read, the better you write"", ""explanation"": ""文章提到 The more you read, the better you write。""}, {""question"": ""What improves imagination?"", ""options"": [""Watching TV"", ""Sleeping"", ""Reading"", ""Eating""], ""answer"": ""Reading"", ""explanation"": ""文章提到 Reading also improves our imagination。""}, {""question"": ""How does reading affect stress?"", ""options"": [""Increases it"", ""Reduces it"", ""No effect"", ""Causes headache""], ""answer"": ""Reduces it"", ""explanation"": ""文章提到 It reduces stress。""}, {""question"": ""What advice does the writer give?"", ""options"": [""Stop reading"", ""Only read comic books"", ""Make reading a habit"", ""Read only for school""], ""answer"": ""Make reading a habit"", ""explanation"": ""文章提到 Make reading a habit。""}]"
"My Dream Job","Everyone has a dream job. My dream is to become a vet. I love animals very much, and I want to help them.
Vets are doctors for animals. When a dog or cat gets sick, the vet checks them and gives them medicine. Sometimes vets need to do surgery. It is a hard job but very meaningful.
To become a vet, I need to study hard. I need to be good at biology and chemistry. I also need to be patient and kind. Animals can be scared when they are sick, so I must stay calm.
I hope one day I can open my own animal clinic.","Life","初中","[{""question"": ""What is the writer's dream job?"", ""options"": [""Teacher"", ""Doctor"", ""Vet"", ""Artist""], ""answer"": ""Vet"", ""explanation"": ""文章提到 My dream is to become a vet。""}, {""question"": ""What do vets do?"", ""options"": [""Teach animals tricks"", ""Treat sick animals"", ""Sell animals"", ""Feed animals""], ""answer"": ""Treat sick animals"", ""explanation"": ""文章提到 When a dog or cat gets sick, the vet checks them。""}, {""question"": ""What subjects does the writer need to be good at?"", ""options"": [""Math and English"", ""History and Geogrpahy"", ""Biology and Chemistry"", ""Music and Art""], ""answer"": ""Biology and Chemistry"", ""explanation"": ""文章提到 good at biology and chemistry。""}, {""question"": ""What personality traits are needed?"", ""options"": [""Patient and kind"", ""Funny and loud"", ""Strict and angry"", ""Shy and quiet""], ""answer"": ""Patient and kind"", ""explanation"": ""文章提到 need to be patient and kind。""}, {""question"": ""What is the writer's future goal?"", ""options"": [""Work in a zoo"", ""Open an animal clinic"", ""Buying a farm"", ""Writing a book""], ""answer"": ""Open an animal clinic"", ""explanation"": ""文章提到 open my own animal clinic。""}]"
"Healthy Eating","""An apple a day keeps the doctor away."" This saying tells us that eating fruit is good for health. Healthy eating is very important for teenagers. Our bodies are growing, so we need good nutrition.
A healthy diet includes grains, vegetables, fruits, dairy, and meat. We should eat more vegetables and less fast food. Fast food has too much oil and sugar. It tastes good but makes us fat and unhealthy.
Breakfast is the most important meal of the day. It gives us energy for morning classes. DO NOT skip breakfast.
Drinking water is also key. Water helps our body work well. We should drink 6-8 glasses of water a day.
Start eating healthily today for a better tomorrow.","Health","初中","[{""question"": ""What does the saying about the apple mean?"", ""options"": [""Apples are cheap"", ""Doctors love apples"", ""Eating fruit is good for health"", ""Apples are magic""], ""answer"": ""Eating fruit is good for health"", ""explanation"": ""文章解释了谚语的含义。""}, {""question"": ""What should we eat less of?"", ""options"": [""Vegetables"", ""Fruit"", ""Fast food"", ""Grains""], ""answer"": ""Fast food"", ""explanation"": ""文章提到 We should eat ... less fast food。""}, {""question"": ""Which meal is most important?"", ""options"": [""Breakfast"", ""Lunch"", ""Dinner"", ""Snacks""], ""answer"": ""Breakfast"", ""explanation"": ""文章提到 Breakfast is the most important meal。""}, {""question"": ""Why is water important?"", ""options"": [""It is free"", ""It tastes sweet"", ""Helps body work well"", ""It is cold""], ""answer"": ""Helps body work well"", ""explanation"": ""文章提到 Water helps our body work well。""}, {""question"": ""How much water should we drink?"", ""options"": [""1-2 glasses"", ""3-4 glasses"", ""6-8 glasses"", ""10 glasses""], ""answer"": ""6-8 glasses"", ""explanation"": ""文章提到 6-8 glasses of water a day。""}]"
"Traveling","Traveling is a wonderful way to see the world. It allows us to meet new people and experience different cultures.
I went to Beijing last summer with my parents. We visited the Great Wall. It was very long and magnificent. We walked for a long time, but it was worth it.
We also went to the Forbidden City. It has so many old buildings. I learned a lot about history there.
The food in Beijing was delicious. I loved the Peking Duck.
Traveling opens our eyes. It teaches us things we cannot learn in books. I want to travel to more places in the future.","Life","初中","[{""question"": ""What is a benefit of traveling?"", ""options"": [""It costs money"", ""See the world"", ""Miss school"", ""Get tired""], ""answer"": ""See the world"", ""explanation"": ""文章提到 wonderful way to see the world。""}, {""question"": ""Where did the writer go last summer?"", ""options"": [""Shanghai"", ""Xi'an"", ""Beijing"", ""Guangzhou""], ""answer"": ""Beijing"", ""explanation"": ""文章提到 I went to Beijing last summer。""}, {""question"": ""How was the Great Wall described?"", ""options"": [""Small and short"", ""Long and magnificent"", ""New and shiny"", ""Boring""], ""answer"": ""Long and magnificent"", ""explanation"": ""文章提到 It was very long and magnificent。""}, {""question"": ""What did the writer learn in the Forbidden City?"", ""options"": [""Math"", ""Science"", ""History"", ""Cooking""], ""answer"": ""History"", ""explanation"": ""文章提到 I learned a lot about history there。""}, {""question"": ""What food did the writer love?"", ""options"": [""Dumplings"", ""Noodles"", ""Peking Duck"", ""Hot pot""], ""answer"": ""Peking Duck"", ""explanation"": ""文章提到 I loved the Peking Duck。""}]"
"Music in our Life","Music is a universal language. No matter where you are from, you can enjoy music. It brings people together.
There are many kinds of music: pop, rock, classical, jazz, and folk. Young people usually like pop music because it has a catchy beat. Older people might prefer classical music.
Music has the power to change our mood. When we are sad, a happy song can cheer us up. When we are excited, fast music makes us want to dance.
Listening to music can also help us focus. Some students listen to soft music while studying.
But we should be careful not to listen to music too loudly. It can hurt our ears.","Art","初中","[{""question"": ""Why is music called a universal language?"", ""options"": [""Everyone speaks it"", ""Everyone can enjoy it"", ""It is English"", ""It is easy""], ""answer"": ""Everyone can enjoy it"", ""explanation"": ""文章提到 No matter where you are from, you can enjoy music。""}, {""question"": ""What kind of music do young people usually like?"", ""options"": [""Classical"", ""Jazz"", ""Pop"", ""Folk""], ""answer"": ""Pop"", ""explanation"": ""文章提到 Young people usually like pop music。""}, {""question"": ""What can a happy song do?"", ""options"": [""Make us cry"", ""Make us sleep"", ""Cheer us up"", ""Make us angry""], ""answer"": ""Cheer us up"", ""explanation"": ""文章提到 a happy song can cheer us up。""}, {""question"": ""Why do some students listen to music while studying?"", ""options"": [""To sleep"", ""To dance"", ""To help focus"", ""To ignore others""], ""answer"": ""To help focus"", ""explanation"": ""文章提到 help us focus。""}, {""question"": ""Why should we not listen too loudly?"", ""options"": [""It is rude"", ""It uses battery"", ""It can hurt our ears"", ""It breaks the phone""], ""answer"": ""It can hurt our ears"", ""explanation"": ""文章提到 It can hurt our ears。""}]"
"The Internet","The Internet has changed our lives in many ways. It makes communication easier. We can chat with friends anytime, anywhere.
It is also a great tool for learning. We can search for information for our homework. We can take online courses to learn new skills.
However, there are dangers on the Internet too. We should not spend too much time on online games. It is bad for our eyes and grades.
Also, we must be careful about strangers. Never give personal information like phone numbers or addresses to people you don't know online.
Use the Internet wisely, and it will be a good friend.","Tech","初中","[{""question"": ""How has the Internet changed communication?"", ""options"": [""Harder"", ""Slower"", ""Easier"", ""More expensive""], ""answer"": ""Easier"", ""explanation"": ""文章提到 It makes communication easier。""}, {""question"": ""How helps with homework?"", ""options"": [""Does it for you"", ""Search for information"", ""Hides it"", ""Deletes it""], ""answer"": ""Search for information"", ""explanation"": ""文章提到 search for information for our homework。""}, {""question"": ""What is a negative effect of too much gaming?"", ""options"": [""Better eyes"", ""Better grades"", ""Bad for eyes and grades"", ""Make new friends""], ""answer"": ""Bad for eyes and grades"", ""explanation"": ""文章提到 It is bad for our eyes and grades。""}, {""question"": ""What warning is given about strangers?"", ""options"": [""Be friendly"", ""Meet them"", ""Never give personal info"", ""Give them money""], ""answer"": ""Never give personal info"", ""explanation"": ""文章提到 Never give personal information...""}, {""question"": ""What is the conclusion?"", ""options"": [""Don't use Internet"", ""Use it wisely"", ""It is scary"", ""It is useless""], ""answer"": ""Use it wisely"", ""explanation"": ""文章提到 Use the Internet wisely。""}]"
"Sports and Health","Doing sports is one of the best ways to keep healthy. It makes our heart strong and helps us lose weight.
There are many popular sports. Basketball is very popular in schools. It is a team sport. Players must work together to win. It teaches us teamwork.
Running is a simple sport. You just need a pair of good shoes. You can run in the park or on the street. It is good for your lungs.
Swimming is also excellent. It uses all parts of the body.
We should do sports at least three times a week. But remember to warm up before exercising to avoid injury.","Health","初中","[{""question"": ""What is a benefit of sports?"", ""options"": [""Makes heart strong"", ""Makes us tired only"", ""Wastes time"", ""Is expensive""], ""answer"": ""Makes heart strong"", ""explanation"": ""文章提到 It makes our heart strong。""}, {""question"": ""What does basketball teach?"", ""options"": [""Running"", ""Shooting"", ""Teamwork"", ""Fighting""], ""answer"": ""Teamwork"", ""explanation"": ""文章提到 It teaches us teamwork。""}, {""question"": ""What is needed for running?"", ""options"": [""A ball"", ""A bike"", ""Good shoes"", ""A pool""], ""answer"": ""Good shoes"", ""explanation"": ""文章提到 You just need a pair of good shoes。""}, {""question"": ""Why is swimming excellent?"", ""options"": [""It is wet"", ""Uses all body parts"", ""It is cold"", ""It is easy""], ""answer"": ""Uses all body parts"", ""explanation"": ""文章提到 It uses all parts of the body。""}, {""question"": ""What should we do before exercising?"", ""options"": [""Eat a lot"", ""Sleep"", ""Warm up"", ""Drink soda""], ""answer"": ""Warm up"", ""explanation"": ""文章提到 remember to warm up。""}]"
"The Future of Space Exploration","Space exploration has always fascinated humanity. Since the moon landing in 1969, we have made incredible progress. Today, the focus is shifting towards Mars.
NASA and private companies like SpaceX are working on missions to send humans to the Red Planet. The journey is long and dangerous. It takes about seven months to travel from Earth to Mars. Astronauts will face radiation, isolation, and microgravity health risks.
Establishing a colony on Mars is another ambitious goal. We would need to build habitats, grow food, and produce oxygen. It sounds like science fiction, but scientists are developing technologies to make it possible.
Beyond Mars, there are moons of Jupiter and Saturn that might harbor life in their subsurface oceans. Robotic probes are being designed to explore these distant worlds.
Space exploration is not just about discovery; it drives technological innovation that benefits life on Earth.","Tech","高中","[{""question"": ""What is the current focus of space exploration?"", ""options"": [""The Moon"", ""The Sun"", ""Mars"", ""Venus""], ""answer"": ""Mars"", ""explanation"": ""文章提到 the focus is shifting towards Mars。""}, {""question"": ""How long does it take to get to Mars?"", ""options"": [""Seven days"", ""Seven weeks"", ""Seven months"", ""Seven years""], ""answer"": ""Seven months"", ""explanation"": ""文章提到 It takes about seven months。""}, {""question"": ""What is a risk mentioned for astronauts?"", ""options"": [""Aliens"", ""Radiation"", ""Traffic"", ""Weather""], ""answer"": ""Radiation"", ""explanation"": ""文章提到 face radiation, isolation, and microgravity。""}, {""question"": ""What is needed for a Mars colony?"", ""options"": [""Shopping malls"", ""Hotels"", ""Habitats and food"", ""Cars""], ""answer"": ""Habitats and food"", ""explanation"": ""文章提到 build habitats, grow food...""}, {""question"": ""Why is space exploration beneficial?"", ""options"": [""It is fun"", ""It drives technological innovation"", ""It costs money"", ""It makes movies""], ""answer"": ""It drives technological innovation"", ""explanation"": ""文章提到 it drives technological innovation。""}]"
"Globalization and Culture","Globalization refers to the increasing interconnectedness of the world's economies, cultures, and populations. While it has brought economic growth, its impact on culture is complex.
On one hand, globalization promotes cultural exchange. We can enjoy food, music, and movies from different countries easily. It helps us understand and appreciate diversity.
On the other hand, there is a fear of cultural homogenization. This means that local traditions and languages might disappear as dominate global cultures take over. For example, Western fashion and fast food are found almost everywhere.
Preserving local heritage in a globalized world is crucial. Countries must balance openness with protection of their unique identities.
Ultimately, globalization should not be about becoming the same, but about sharing and enriching each other's distinct cultures.","Culture","高中","[{""question"": ""What does globalization refer to?"", ""options"": [""World peace"", ""Interconnectedness of world"", ""Global warming"", ""Traveling""], ""answer"": ""Interconnectedness of world"", ""explanation"": ""文章第一句定义的。""}, {""question"": ""Benefit of globalization mentions?"", ""options"": [""Cheaper goods"", ""Cultural exchange"", ""Less work"", ""More land""], ""answer"": ""Cultural exchange"", ""explanation"": ""文章提到 promotes cultural exchange。""}, {""question"": ""What is cultural homogenization?"", ""options"": [""Cultures becoming the same"", ""Cultures fighting"", ""Cultures separating"", ""Cultures growing""], ""answer"": ""Cultures becoming the same"", ""explanation"": ""文章 context 解释了 dominate global cultures take over。""}, {""question"": ""What example of global culture is given?"", ""options"": [""Classical music"", ""Western fashion and fast food"", ""Local dances"", ""Traditional art""], ""answer"": ""Western fashion and fast food"", ""explanation"": ""文章提到 Western fashion and fast food。""}, {""question"": ""What is the conclusion about globalization?"", ""options"": [""It is bad"", ""It should be stopped"", ""Should be about sharing and enriching"", ""It is inevitable""], ""answer"": ""Should be about sharing and enriching"", ""explanation"": ""文章最后一句。""}]"
"Artificial Intelligence in Education","Artificial Intelligence (AI) is revolutionizing the field of education. It offers personalized learning experiences that were previously impossible.
AI-powered systems can analyze a student's learning patterns and strengths. Based on this data, it can create a customized study plan. If a student struggles with math, the AI can provide extra practice and alternative explanations.
Furthermore, AI can help teachers by automating administrative tasks like grading. This frees up time for teachers to focus on mentoring and interacting with students.
However, there are concerns. Excessive reliance on AI might reduce human interaction in classrooms. There are also data privacy issues regarding student information.
Despite challenges, AI has the potential to make education more accessible and effective for everyone, narrowing the gap between different learners.","Tech","高中","[{""question"": ""How does AI revolutionize education?"", ""options"": [""Replacing teachers"", ""Personalized learning experiences"", ""Lowering costs"", ""Building schools""], ""answer"": ""Personalized learning experiences"", ""explanation"": ""文章提到 offers personalized learning experiences。""}, {""question"": ""What can AI do if a student struggles?"", ""options"": [""Punish them"", ""Ignore them"", ""Provide extra practice"", ""Call parents""], ""answer"": ""Provide extra practice"", ""explanation"": ""文章提到 provide extra practice and alternative explanations。""}, {""question"": ""How does AI help teachers?"", ""options"": [""Teaching classes"", ""Automating grading"", ""Cooking lunch"", ""Driving buses""], ""answer"": ""Automating grading"", ""explanation"": ""文章提到 automating administrative tasks like grading。""}, {""question"": ""What is a concern about AI in education?"", ""options"": [""Too expensive"", ""Too slow"", ""Reduced human interaction"", ""Too smart""], ""answer"": ""Reduced human interaction"", ""explanation"": ""文章提到 reduce human interaction。""}, {""question"": ""What is the potential of AI?"", ""options"": [""Make education harder"", ""Make education more accessible"", ""Eliminate schools"", ""Nothing""], ""answer"": ""Make education more accessible"", ""explanation"": ""文章提到 make education more accessible and effective。""}]"
"Renewable Energy","The transition to renewable energy is critical for a sustainable future. Fossil fuels like coal and oil are finite and cause environmental damage. Renewable sources, such as solar, wind, and hydro power, are clean and inexhaustible.
Solar energy harnesses power from the sun using photovoltaic cells. It is becoming cheaper and more efficient. Wind energy uses turbines to generate electricity. It is widely used in coastal and open areas.
Hydroelectric power is generated by flowing water. It provides a stable energy supply but requires building dams, which can affect local ecosystems.
Challenges remain, such as energy storage. The sun doesn't always shine, and the wind doesn't always blow. Developing better batteries is key.
Governments and industries are investing heavily in green technology. A world powered by renewable energy is not just a dream, but a necessity.","Science","高中","[{""question"": ""Why is transition to renewable energy critical?"", ""options"": [""Fossil fuels are cheap"", ""Fossil fuels cause damage and are finite"", ""Renewables are free"", ""It is trendy""], ""answer"": ""Fossil fuels cause damage and are finite"", ""explanation"": ""文章提到 Fossil fuels... are finite and cause environmental damage。""}, {""question"": ""What captures solar energy?"", ""options"": [""Mirrors"", ""Photovoltaic cells"", ""Windows"", ""Plants""], ""answer"": ""Photovoltaic cells"", ""explanation"": ""文章提到 using photovoltaic cells。""}, {""question"": ""What is a drawback of dams?"", ""options"": [""Too much water"", ""Affect local ecosystems"", ""Too loud"", ""Look ugly""], ""answer"": ""Affect local ecosystems"", ""explanation"": ""文章提到 can affect local ecosystems。""}, {""question"": ""What is a main challenge?"", ""options"": [""Too much energy"", ""Energy storage"", ""Building turbines"", ""Finding sun""], ""answer"": ""Energy storage"", ""explanation"": ""文章提到 Challenges remain, such as energy storage。""}, {""question"": ""What is the conclusion?"", ""options"": [""It is impossible"", ""It is a necessity"", ""It is too hard"", ""It doesn't matter""], ""answer"": ""It is a necessity"", ""explanation"": ""文章提到 not just a dream, but a necessity。""}]"
"The Psychology of Color","Colors are not just visual experiences; they have profound psychological effects on human emotions and behaviors. This field is known as color psychology.
Red is often associated with energy, passion, and danger. It captures attention quickly, which is why stop signs are red. Blue, in contrast, evokes feelings of calmness and trust. It is frequently used in corporate logos and hospitals.
Yellow is seen as the color of happiness and optimism, but too much yellow can cause anxiety. Green represents nature and tranquility. It is the easiest color on the eyes and helps relieve stress.
Marketers use color psychology to influence consumer choices. For example, fast-food restaurants often use red and yellow to stimulate appetite.
Understanding how colors affect us can help us design better environments for living and working.","Science","高中","[{""question"": ""What is color psychology?"", ""options"": [""Painting"", ""Effects of color on emotions"", ""Mixing colors"", ""Color blindness""], ""answer"": ""Effects of color on emotions"", ""explanation"": ""文章提到 psychological effects on human emotions and behaviors。""}, {""question"": ""What does red represent?"", ""options"": [""Calmness"", ""Nature"", ""Energy and passion"", ""Sadness""], ""answer"": ""Energy and passion"", ""explanation"": ""文章提到 energy, passion, and danger。""}, {""question"": ""Why is blue used in hospitals?"", ""options"": [""It is cheap"", ""It evokes calmness"", ""It is bright"", ""It is clean""], ""answer"": ""It evokes calmness"", ""explanation"": ""文章提到 evokes feelings of calmness and trust。""}, {""question"": ""What effect can green have?"", ""options"": [""Cause anxiety"", ""Stimulate appetite"", ""Relieve stress"", ""Capture attention""], ""answer"": ""Relieve stress"", ""explanation"": ""文章提到 helps relieve stress。""}, {""question"": ""Why do fast-food places use red and yellow?"", ""options"": [""To look pretty"", ""To stimulate appetite"", ""To save money"", ""To be seen""], ""answer"": ""To stimulate appetite"", ""explanation"": ""文章提到 to stimulate appetite。""}]"
"Urbanization Challenges","Urbanization, the migration of people from rural areas to cities, is a defining trend of the modern era. While cities offer economic opportunities, rapid urbanization brings significant challenges.
Overcrowding is a primary issue. As populations swell, housing becomes scarce and expensive. This often leads to the development of slums with poor living conditions.
Traffic congestion is another major problem. Too many cars on the road cause air pollution and waste time. Public transportation systems are often overwhelmed.
Environmental degradation is also a concern. Cities consume vast amounts of resources and generate massive waste. The ""heat island effect"" makes cities significantly hotter than surrounding areas.
To manage these challenges, urban planners are focusing on sustainable development. This involves creating green spaces, improving public transit, and building smart cities that use resources efficiently.","Society","高中","[{""question"": ""What is urbanization?"", ""options"": [""Building factories"", ""Migration to cities"", ""Farming"", ""Leaving cities""], ""answer"": ""Migration to cities"", ""explanation"": ""文章定义的。""}, {""question"": ""What is a result of overcrowding?"", ""options"": [""More parks"", ""Cheaper houses"", ""Slums and expensive housing"", ""Less people""], ""answer"": ""Slums and expensive housing"", ""explanation"": ""文章提到 housing becomes scarce... leads to slums。""}, {""question"": ""What does traffic cause?"", ""options"": [""Pollution and wasted time"", ""Faster travel"", ""Better roads"", ""Less cars""], ""answer"": ""Pollution and wasted time"", ""explanation"": ""文章提到 air pollution and waste time。""}, {""question"": ""What is the 'heat island effect'?"", ""options"": [""Islands are hot"", ""Cities are hotter than surroundings"", ""Global warming"", ""Summer time""], ""answer"": ""Cities are hotter than surroundings"", ""explanation"": ""文章提到 makes cities significantly hotter。""}, {""question"": ""How to manage challenges?"", ""options"": [""Stop building"", ""Sustainable development"", ""Ban cars"", ""Move back to farms""], ""answer"": ""Sustainable development"", ""explanation"": ""文章提到 focusing on sustainable development。""}]"
"The History of Photography","Photography has changed the way we see and record the world. It began in the early 19th century. The first permanent photograph was taken by Joseph Niépce in 1826. It took eight hours of exposure time!
Later, Louis Daguerre invented the daguerreotype, which reduced exposure time significantly. This made portrait photography popular. In 1888, George Eastman introduced the Kodak camera, making photography accessible to the public. ""You press the button, we do the rest"" was their slogan.
The 20th century saw the rise of color photography and digital cameras. Digital technology revolutionized the industry, allowing instant viewing and editing.
Today, with smartphones, everyone is a photographer. We capture billions of images daily.
Photography is both an art form and a documentary tool. It preserves memories and tells stories that words cannot.","Art","高中","[{""question"": ""When was the first photo taken?"", ""options"": [""1700s"", ""1826"", ""1900"", ""2000""], ""answer"": ""1826"", ""explanation"": ""文章提到 taken by Joseph Niépce in 1826。""}, {""question"": ""Who made photography accessible to public?"", ""options"": [""Niépce"", ""Daguerre"", ""George Eastman"", ""Steve Jobs""], ""answer"": ""George Eastman"", ""explanation"": ""文章提到 George Eastman introduced the Kodak camera... accessible to the public。""}, {""question"": ""What was the Kodak slogan?"", ""options"": [""Just do it"", ""Capture the moment"", ""You press the button, we do the rest"", ""Click and see""], ""answer"": ""You press the button, we do the rest"", ""explanation"": ""文章提到 You press the button, we do the rest。""}, {""question"": ""What revolutionized the industry in 20th century?"", ""options"": [""Black and white film"", ""Digital technology"", ""Paintings"", ""Polaroids""], ""answer"": ""Digital technology"", ""explanation"": ""文章提到 Digital technology revolutionized the industry。""}, {""question"": ""What is photography today?"", ""options"": [""Rare"", ""Expensive"", ""Accessible to everyone"", ""Difficult""], ""answer"": ""Accessible to everyone"", ""explanation"": ""文章提到 everyone is a photographer。""}]"
"The Power of Habits","Habits are powerful forces that shape our lives. A habit is a behavior that becomes automatic through repetition. It is said that about 40% of our daily actions are habits, not conscious decisions.
Building good habits, like exercising or reading, can lead to success. Breaking bad habits, like smoking or procrastination, is difficult but necessary.
The ""habit loop"" consists of three parts: cue, routine, and reward. The cue triggers the habit, the routine is the action, and the reward is the benefit we get. To change a habit, we must identify these components.
For example, if you eat junk food when stressed (cue), the eating is the routine, and relief is the reward. To change, replace the routine with something healthy, like walking, while keeping the reward.
Patience is key. It takes time to rewire the brain, but the result is a better version of ourselves.","Life","高中","[{""question"": ""What is a habit?"", ""options"": [""A conscious choice"", ""An automatic behavior"", ""A mistake"", ""A dream""], ""answer"": ""An automatic behavior"", ""explanation"": ""文章提到 behavior that becomes automatic。""}, {""question"": ""How much of daily actions are habits?"", ""options"": [""10%"", ""20%"", ""40%"", ""80%""], ""answer"": ""40%"", ""explanation"": ""文章提到 about 40% of our daily actions。""}, {""question"": ""What are the three parts of habit loop?"", ""options"": [""Start, middle, end"", ""Cue, routine, reward"", ""Think, do, feeling"", ""Plan, act, check""], ""answer"": ""Cue, routine, reward"", ""explanation"": ""文章提到 cue, routine, and reward。""}, {""question"": ""How to change a habit?"", ""options"": [""Stop the cue"", ""Replace the routine"", ""Remove reward"", ""Ignore it""], ""answer"": ""Replace the routine"", ""explanation"": ""文章提到 replace the routine with something healthy。""}, {""question"": ""What is key to changing habits?"", ""options"": [""Money"", ""Luck"", ""Patience"", ""Speed""], ""answer"": ""Patience"", ""explanation"": ""文章提到 Patience is key。""}]"
"Bioethics","Bioethics is a field of study that addresses ethical issues emerging from advances in biology and medicine. As technology progresses, we face new moral dilemmas that society must resolve.
One major topic is genetic engineering. Technologies like CRISPR allow us to edit genes. While this could cure genetic diseases, it raises questions about ""designer babies""—altering traits for appearance or intelligence. Is it right to play God?
Another issue is animal testing. Is it ethical to use animals for research to benefit humans? Many argue for alternative methods.
End-of-life care is also debated. Issues like euthanasia and the right to die involve complex legal and moral considerations.
Bioethics does not always have clear answers. It involves dialogue between scientists, philosophers, and the public to ensure that scientific progress respects human dignity and rights.","Science","高中","[{""question"": ""What does bioethics address?"", ""options"": [""History of biology"", ""Ethical issues in biology/medicine"", ""Cost of medicine"", ""Biology textbooks""], ""answer"": ""Ethical issues in biology/medicine"", ""explanation"": ""文章提到 ethical issues emerging from advances in biology and medicine。""}, {""question"": ""What does CRISPR allow?"", ""options"": [""Cloning"", ""Editing genes"", ""Making robots"", "" curing flu""], ""answer"": ""Editing genes"", ""explanation"": ""文章提到 allow us to edit genes。""}, {""question"": ""What is the concern about 'designer babies'?"", ""options"": [""They are expensive"", ""They are ugly"", ""Altering traits for appearance/intelligence"", ""They are healthy""], ""answer"": ""Altering traits for appearance/intelligence"", ""explanation"": ""文章提到 altering traits for appearance or intelligence。""}, {""question"": ""What is debated regarding end-of-life?"", ""options"": [""Funeral costs"", ""Euthanasia"", ""Wills"", ""Insurance""], ""answer"": ""Euthanasia"", ""explanation"": ""文章提到 Issues like euthanasia。""}, {""question"": ""Who is involved in bioethics dialogue?"", ""options"": [""Only doctors"", ""Only lawyers"", ""Scientists, philosophers, and public"", ""The government""], ""answer"": ""Scientists, philosophers, and public"", ""explanation"": ""文章提到 Scientists, philosophers, and the public。""}]"
"The Importance of Biodiversity","Biodiversity refers to the variety of life on Earth, including different species of plants, animals, and microorganisms. It is essential for the health of our planet and human survival.
Ecosystems rely on biodiversity to function. Each species plays a role, like a thread in a web. If one species disappears, the web can unravel. For instance, bees pollinate crops; without them, our food supply would collapse.
Biodiversity provides us with resources like food, medicine, and raw materials. Many medicines come from plant compounds found in diverse forests.
However, human activities like deforestation, pollution, and climate change are causing a rapid loss of biodiversity. Many species are going extinct.
Protecting biodiversity involves conservation efforts, such as creating national parks and protecting endangered species. We must act now to preserve the richness of life for future generations.","Nature","高中","[{""question"": ""What is biodiversity?"", ""options"": [""One species"", ""Variety of life on Earth"", ""Only plants"", ""Only animals""], ""answer"": ""Variety of life on Earth"", ""explanation"": ""文章定义 variety of life on Earth。""}, {""question"": ""Why are bees important?"", ""options"": [""They make honey"", ""They pollinate crops"", ""They bite"", ""They are yellow""], ""answer"": ""They pollinate crops"", ""explanation"": ""文章提到 bees pollinate crops。""}, {""question"": ""What do we get from biodiversity?"", ""options"": [""Resources like food and medicine"", ""Plastic"", ""Computers"", ""Cars""], ""answer"": ""Resources like food and medicine"", ""explanation"": ""文章提到 resources like food, medicine。""}, {""question"": ""What causes loss of biodiversity?"", ""options"": [""Nature"", ""Human activities"", ""Animals eating each other"", ""Rain""], ""answer"": ""Human activities"", ""explanation"": ""文章提到 human activities... are causing a rapid loss。""}, {""question"": ""How to protect biodiversity?"", ""options"": [""Build more cities"", ""Conservation efforts"", ""Cut down trees"", ""Hunting""], ""answer"": ""Conservation efforts"", ""explanation"": ""文章提到 conservation efforts。""}]"
